country,1985,1986,1987,1988,1989,1990,1991,1992,1993,1994,1995,1996,1997,1998,1999,2000,2001,2002,2003,2004,2005,2006,2007,2008,2009,2010,2011
Albania,2128290000.0,4058870000.0,3349440000.0,2942390000.0,3081950000.0,2849350000.0,3523890000.0,3221510000.0,3314550000.0,3768120000.0,4210060000.0,5721960000.0,5024160000.0,4919490000.0,5280020000.0,4593850000.0,3558780000.0,3512260000.0,4884600000.0,5466100000.0,5373060000,5431210000.0,2791200000.0,3803010000.0,5210240000.0,7582760000.0,0.0
Algeria,646628000.0,250045000.0,498927000.0,182591000.0,225622000.0,134908000.0,293076000.0,198873000.0,353552000.0,166309000.0,193058000.0,134908000.0,75013500.0,215155000.0,203525000.0,53963200.0,68965900.0,56987000.0,265164000.0,251208000.0,554751000,217481000.0,225622000.0,282609000.0,305869000.0,174450000.0,0.0
Angola,701289000.0,701289000.0,701289000.0,701289000.0,710593000.0,724549000.0,772232000.0,839686000.0,889695000.0,895510000.0,900162000.0,924585000.0,874576000.0,1059493000.0,894347000.0,911792000.0,1017625000.0,1143229000.0,1244410000.0,1756130000.0,2221330000,2663270000.0,2500450000.0,3140100000.0,3093580000.0,3535520000.0,0.0
Argentina,20701400000.0,21050300000.0,21864400000.0,15002700000.0,13025600000.0,17910200000.0,16282000000.0,19422100000.0,23841500000.0,27330500000.0,26865300000.0,22911100000.0,28028300000.0,26400100000.0,21399200000.0,28726100000.0,36983400000.0,35820400000.0,33843300000.0,30470600000.0,33959600000,37913800000.0,30354300000.0,30470600000.0,33843300000.0,33610700000.0,0.0
Armenia,0.0,0.0,0.0,0.0,0.0,1558420000.0,1546790000.0,3047060000.0,4291470000.0,3512260000.0,1918950000.0,1570050000.0,1395600000.0,1535160000.0,1197890000.0,1256040000.0,967616000.0,1663090000.0,1977100000.0,2000360000.0,1779390000,1825910000.0,1849170000.0,1802650000.0,2023620000.0,2558600000.0,0.0
Australia,13723400000.0,14537500000.0,13607100000.0,14304900000.0,14421200000.0,14188600000.0,15816800000.0,15351600000.0,16514600000.0,16398300000.0,15933100000.0,15467900000.0,16514600000.0,15351600000.0,16165700000.0,16398300000.0,16514600000.0,15933100000.0,16282000000.0,16049400000.0,15235300000,15700500000.0,14304900000.0,11862600000.0,10990350000.0,12444100000.0,14770100000.0
Austria,30935800000.0,31168400000.0,36053000000.0,35820400000.0,35238900000.0,31517300000.0,31401000000.0,34890000000.0,36750800000.0,35704100000.0,37099700000.0,34192200000.0,36053000000.0,37216000000.0,40705000000.0,41868000000.0,40472400000.0,40239800000.0,33261800000.0,36750800000.0,36634500000,35820400000.0,37099700000.0,38379000000.0,40937600000.0,38379000000.0,33727000000.0
Azerbaijan,0.0,0.0,0.0,0.0,0.0,700126000.0,1756130000.0,1744500000.0,2395780000.0,1825910000.0,1558420000.0,1535160000.0,1709610000.0,1953840000.0,1511900000.0,1535160000.0,1302560000.0,2023620000.0,2465560000.0,2756310000.0,3012170000,2523710000.0,2360890000.0,2232960000.0,2314370000.0,3442480000.0,0.0
Bangladesh,738505000.0,450081000.0,517535000.0,674540000.0,919933000.0,883880000.0,838523000.0,795492000.0,608249000.0,846664000.0,372160000.0,738505000.0,718734000.0,865272000.0,832708000.0,945519000.0,993202000.0,1066471000.0,1125784000.0,1221150000.0,1290930000,1383970000.0,1395600000.0,1477010000.0,1546790000.0,1663090000.0,0.0
Belarus,0.0,0.0,0.0,0.0,0.0,20003600.0,18026500.0,16979800.0,18956900.0,18956900.0,20003600.0,16049400.0,21050300.0,28028300.0,18956900.0,26981600.0,30005400.0,28958700.0,28028300.0,33029200.0,36053000,35006300.0,35006300.0,38960500.0,43961400.0,45008100.0,0.0
Belgium,287261000.0,343085000.0,429147000.0,359367000.0,304706000.0,266327000.0,229111000.0,340759000.0,253534000.0,346574000.0,338433000.0,239578000.0,304706000.0,389605000.0,340759000.0,460548000.0,440777000.0,360530000.0,246556000.0,317499000.0,288424000,359367000.0,389605000.0,410539000.0,327966000.0,311684000.0,198873000.0
Benin,0.0,0.0,0.0,0.0,0.0,0.0,0.0,0.0,0.0,0.0,0.0,0.0,2000360.0,2000360.0,2000360.0,2000360.0,2000360.0,2000360.0,2000360.0,1000180.0,1000180,0.0,0.0,0.0,0.0,0.0,0.0
Bolivia,1142066000.0,1114154000.0,1060656000.0,1163000000.0,1163000000.0,1186260000.0,1302560000.0,1267670000.0,1500270000.0,1314190000.0,1267670000.0,1430490000.0,1570050000.0,1558420000.0,1791020000.0,1942210000.0,2128290000.0,2198070000.0,1988730000.0,2151550000.0,1965470000,2163180000.0,2314370000.0,2314370000.0,2291110000.0,2186440000.0,0.0
Bosnia and Herzegovina,0.0,0.0,0.0,0.0,0.0,3058690000.0,5140460000.0,3407590000.0,2372520000.0,3454110000.0,3640190000.0,5152090000.0,4652000000.0,4558960000.0,5535880000.0,5093940000.0,5186980000.0,5268390000.0,4500810000.0,5977820000.0,6001080000,5861520000.0,4000720000.0,4872970000.0,6245310000.0,8024700000.0,0.0
Brazil,177939000000.0,182591000000.0,186080000000.0,198873000000.0,204688000000.0,207014000000.0,217481000000.0,223296000000.0,234926000000.0,243067000000.0,253534000000.0,266327000000.0,279120000000.0,291913000000.0,293076000000.0,304706000000.0,267490000000.0,286098000000.0,305869000000.0,320988000000.0,337270000000,348900000000.0,374486000000.0,369834000000.0,390768000000.0,403561000000.0,0.0
Bulgaria,2232960000.0,2326000000.0,2535340000.0,2593490000.0,2686530000.0,1884060000.0,2442300000.0,2058510000.0,1942210000.0,1465380000.0,2314370000.0,2919130000.0,2756310000.0,3093580000.0,2756310000.0,2674900000.0,1732870000.0,2198070000.0,3023800000.0,3163360000.0,4337990000,4233320000.0,2872610000.0,2826090000.0,3465740000.0,5059050000.0,0.0
Cambodia,0.0,0.0,0.0,0.0,0.0,0.0,0.0,0.0,0.0,0.0,0.0,0.0,0.0,0.0,0.0,0.0,0.0,28958700.0,41053900.0,26981600.0,43961400,48031900.0,46985200.0,43031000.0,36983400.0,26051200.0,0.0
Cameroon,2384150000.0,2430670000.0,2453930000.0,2570230000.0,2663270000.0,2651640000.0,2674900000.0,2698160000.0,2802830000.0,2686530000.0,2756310000.0,2872610000.0,3093580000.0,3116840000.0,3337810000.0,3442480000.0,3477370000.0,3186620000.0,3523890000.0,3919310000.0,3768120000,3896050000.0,3849530000.0,4233320000.0,4012350000.0,4256580000.0,0.0
Canada,303543000000.0,310521000000.0,316336000000.0,307032000000.0,291913000000.0,296565000000.0,308195000000.0,316336000000.0,323314000000.0,330292000000.0,336107000000.0,355878000000.0,351226000000.0,331455000000.0,345411000000.0,358204000000.0,333781000000.0,350063000000.0,337270000000.0,340759000000.0,364019000000,352389000000.0,367508000000.0,374486000000.0,368671000000.0,351226000000.0,376812000000.0
Chile,11071760000.0,11862600000.0,12793000000.0,12560400000.0,10548410000.0,8931840000.0,13141900000.0,16747200000.0,17910200000.0,16979800000.0,18375400000.0,16863500000.0,18956900000.0,15933100000.0,13607100000.0,18491700000.0,21050300000.0,22213300000.0,21631800000.0,21980700000.0,26516400000,29191300000.0,23143700000.0,24190400000.0,25353400000.0,21748100000.0,21050300000.0
China,92342200000.0,94551900000.0,100018000000.0,109205700000.0,118626000000.0,126767000000.0,125604000000.0,132582000000.0,152353000000.0,167472000000.0,190732000000.0,188406000000.0,196547000000.0,208177000000.0,203525000000.0,222133000000.0,277957000000.0,288424000000.0,283772000000.0,353552000000.0,396583000000,436125000000.0,484971000000.0,584989000000.0,615227000000.0,722223000000.0,0.0
Colombia,18375400000.0,21282900000.0,23143700000.0,24423000000.0,26632700000.0,27446800000.0,27679400000.0,22329600000.0,27912000000.0,32098800000.0,32215100000.0,35471500000.0,31517300000.0,30819500000.0,33727000000.0,32098800000.0,31749900000.0,33959600000.0,36169300000.0,40123500000.0,39774600000,42798400000.0,44426600000.0,46403700000.0,41053900000.0,40356100000.0,0.0
"Congo, Dem. Rep.",5024160000.0,5256760000.0,5245130000.0,5245130000.0,6919850000.0,5628920000.0,5256760000.0,6059230000.0,5524250000.0,5291650000.0,6163900000.0,6094120000.0,5024160000.0,4710150000.0,5303280000.0,6001080000.0,5977820000.0,6105750000.0,6163900000.0,7082670000.0,7385050000,7524610000.0,7815360000.0,7478090000.0,7792100000.0,7850250000.0,0.0
"Congo, Rep.",290750000.0,267490000.0,277957000.0,289587000.0,396583000.0,489623000.0,480319000.0,424495000.0,359367000.0,322151000.0,352389000.0,455896000.0,451244000.0,341922000.0,95017100.0,295402000.0,333781000.0,396583000.0,341922000.0,330292000.0,354715000,372160000.0,334944000.0,374486000.0,330292000.0,430310000.0,0.0
Costa Rica,2756310000.0,2895870000.0,3000540000.0,3047060000.0,3326180000.0,3384330000.0,3651820000.0,3582040000.0,3930940000.0,3942570000.0,3558780000.0,3814640000.0,4803190000.0,4291470000.0,5140460000.0,5687070000.0,5454470000.0,5966190000.0,6024340000.0,6663990000.0,6570950000,6605840000.0,6768660000.0,7385050000.0,7222230000.0,7268750000.0,0.0
Cote d'Ivoire,1360710000.0,1197890000.0,1052515000.0,1244410000.0,1593310000.0,1325820000.0,1256040000.0,1047863000.0,1099035000.0,1174630000.0,1779390000.0,1779390000.0,1884060000.0,1372340000.0,1756130000.0,1767760000.0,1802650000.0,1732870000.0,1837540000.0,1744500000.0,1442120000,1511900000.0,1802650000.0,1895690000.0,2128290000.0,1616570000.0,0.0
Croatia,0.0,0.0,0.0,0.0,0.0,3803010000.0,5768480000.0,4337990000.0,4349620000.0,4931120000.0,5268390000.0,7233860000.0,5291650000.0,5454470000.0,6594210000.0,5873150000.0,6547690000.0,5361430000.0,4872970000.0,6954740000.0,6338350000,6001080000.0,4233320000.0,5221870000.0,6733770000.0,8327080000.0,0.0
Cuba,53963200.0,58964100.0,43961400.0,73036400.0,81991500.0,91062900.0,105018900.0,81061100.0,81991500.0,48962300.0,73966800.0,95017100.0,130256000.0,96994200.0,103041800.0,88969500.0,75013500.0,105949300.0,127930000.0,88039100.0,68035500,93970400.0,120952000.0,138397000.0,151190000.0,96994200.0,0.0
Czech Republic,1674720000.0,1872430000.0,2465560000.0,2105030000.0,1639830000.0,1160674000.0,1088568000.0,1407230000.0,1372340000.0,1465380000.0,2000360000.0,1965470000.0,1697980000.0,1395600000.0,1686350000.0,1756130000.0,2058510000.0,2488820000.0,1383970000.0,2023620000.0,2384150000,2546970000.0,2093400000.0,2023620000.0,2430670000.0,2791200000.0,2139920000.0
Denmark,30005400.0,28958700.0,28958700.0,33029200.0,23027400.0,28028300.0,25004500.0,28028300.0,28028300.0,33029200.0,30005400.0,18956900.0,18956900.0,26981600.0,31052100.0,30005400.0,28028300.0,31982500.0,21050300.0,26981600.0,23027400,23027400.0,28028300.0,26051200.0,18956900.0,21050300.0,16979800.0
Dominican Republic,1144392000.0,1383970000.0,1535160000.0,1651460000.0,474504000.0,348900000.0,507068000.0,532654000.0,1129273000.0,532654000.0,603597000.0,862946000.0,665236000.0,732690000.0,1099035000.0,761765000.0,696637000.0,871087000.0,1197890000.0,1604940000.0,1907320000,1756130000.0,1697980000.0,1383970000.0,1697980000.0,1791020000.0,0.0
Ecuador,3279660000.0,4012350000.0,4570590000.0,4826450000.0,4954380000.0,4989270000.0,5070680000.0,4977640000.0,5815000000.0,6570950000.0,5163720000.0,6349980000.0,6536060000.0,6501170000.0,7175710000.0,7606020000.0,7071040000.0,7524610000.0,7187340000.0,7408310000.0,6884960000,7129190000.0,9036510000.0,11292730000.0,9222590000.0,8641090000.0,0.0
Egypt,8664350000.0,9280740000.0,8664350000.0,9001620000.0,9978540000.0,9932020000.0,9897130000.0,9699420000.0,10490260000.0,10967090000.0,11409030000.0,11560220000.0,11978900000.0,12211500000.0,14653800000.0,13723400000.0,15119000000.0,12909300000.0,13025600000.0,12676700000.0,12676700000,12909300000.0,15467900000.0,14653800000.0,12909300000.0,13025600000.0,0.0
El Salvador,1174630000.0,1232780000.0,1133925000.0,1302560000.0,1430490000.0,1651460000.0,1267670000.0,1418860000.0,1523530000.0,1453750000.0,1477010000.0,1884060000.0,1430490000.0,1570050000.0,1767760000.0,1174630000.0,1163000000.0,1138577000.0,1465380000.0,1383970000.0,1674720000,1965470000.0,1744500000.0,2035250000.0,1500270000.0,2081770000.0,0.0
Estonia,0.0,0.0,0.0,0.0,0.0,0.0,0.0,1000180.0,1000180.0,3000540.0,2000360.0,2000360.0,3000540.0,4000720.0,4000720.0,5000900.0,7001260.0,6001080.0,13025600.0,21980700.0,21980700,13956000.0,21050300.0,28028300.0,31982500.0,26981600.0,30005400.0
Ethiopia,674540000.0,717571000.0,721060000.0,711756000.0,721060000.0,1061819000.0,1081590000.0,1151370000.0,1267670000.0,1349080000.0,1430490000.0,1511900000.0,1570050000.0,1581680000.0,1604940000.0,1651460000.0,1988730000.0,2023620000.0,2279480000.0,2523710000.0,2837720000,3256400000.0,3384330000.0,3291290000.0,3523890000.0,4931120000.0,0.0
Finland,12327800000.0,12444100000.0,13839700000.0,13374500000.0,13025600000.0,10862420000.0,13258200000.0,15119000000.0,13490800000.0,11746300000.0,12909300000.0,11862600000.0,12211500000.0,15002700000.0,12793000000.0,14653800000.0,13258200000.0,10781010000.0,9594750000.0,15119000000.0,13839700000,11490440000.0,14188600000.0,17096100000.0,12676700000.0,12909300000.0,12444100000.0
France,61871600000.0,62453100000.0,70477800000.0,76525400000.0,46636300000.0,53846900000.0,57568500000.0,68965900000.0,64895400000.0,78851400000.0,72920100000.0,66058400000.0,63848700000.0,62104200000.0,72571200000.0,67105100000.0,74664600000.0,60592300000.0,59196700000.0,59894500000.0,51753500000,56172900000.0,57917400000.0,63616100000.0,57219600000.0,61987900000.0,45124400000.0
Gabon,667562000.0,693148000.0,697800000.0,709430000.0,674540000.0,704778000.0,707104000.0,711756000.0,710593000.0,745483000.0,790840000.0,769906000.0,809448000.0,811774000.0,831545000.0,803633000.0,878065000.0,923422000.0,900162000.0,893184000.0,811774000,945519000.0,801307000.0,894347000.0,886206000.0,809448000.0,0.0
Georgia,0.0,0.0,0.0,0.0,0.0,7582760000.0,7419940000.0,6501170000.0,6605840000.0,6768660000.0,5198610000.0,6001080000.0,6047600000.0,6373240000.0,6443020000.0,5861520000.0,5547510000.0,6768660000.0,6524430000.0,6047600000.0,6233680000,5314910000.0,6815180000.0,7164080000.0,7408310000.0,9362150000.0,0.0
Germany,17328700000.0,18608000000.0,20352500000.0,20119900000.0,18259100000.0,17445000000.0,14886400000.0,17445000000.0,17910200000.0,19887300000.0,21748100000.0,21980700000.0,17328700000.0,17212400000.0,19654700000.0,21748100000.0,22794800000.0,23143700000.0,19305800000.0,21050300000.0,19538400000,19887300000.0,20934000000.0,20934000000.0,18608000000.0,20468800000.0,18375400000.0
Ghana,2988910000.0,4372880000.0,4675260000.0,4803190000.0,5233500000.0,5721960000.0,6105750000.0,6605840000.0,6291830000.0,6082490000.0,6094120000.0,6629100000.0,6850070000.0,3826270000.0,5175350000.0,6605840000.0,6605840000.0,5035790000.0,3884420000.0,5280020000.0,5628920000,5617290000.0,3733230000.0,6198790000.0,6873330000.0,7001260000.0,0.0
Greece,2802830000.0,3233140000.0,2779570000.0,2360890000.0,1895690000.0,1767760000.0,3105210000.0,2198070000.0,2279480000.0,2605120000.0,3523890000.0,4349620000.0,3884420000.0,3721600000.0,4593850000.0,3698340000.0,2093400000.0,2802830000.0,4768300000.0,4675260000.0,5012530000,5861520000.0,2593490000.0,3314550000.0,5373060000.0,7454830000.0,3826270000.0
Guatemala,553588000.0,1383970000.0,1372340000.0,1477010000.0,1674720000.0,1721240000.0,1721240000.0,1442120000.0,1535160000.0,1639830000.0,1895690000.0,1872430000.0,1849170000.0,2081770000.0,2291110000.0,2523710000.0,2198070000.0,1953840000.0,1849170000.0,3093580000.0,3803010000,3558780000.0,3233140000.0,3686710000.0,2512080000.0,3291290000.0,0.0
Haiti,216318000.0,317499000.0,319825000.0,391931000.0,405887000.0,457059000.0,332618000.0,320988000.0,274468000.0,232600000.0,253534000.0,272142000.0,200036000.0,305869000.0,404724000.0,282609000.0,282609000.0,260512000.0,254697000.0,260512000.0,265164000,270979000.0,153516000.0,181428000.0,207014000.0,176776000.0,0.0
Honduras,1302560000.0,1430490000.0,1744500000.0,1895690000.0,2000360000.0,2279480000.0,2314370000.0,2198070000.0,2256220000.0,1814280000.0,1674720000.0,2035250000.0,2081770000.0,1918950000.0,2139920000.0,2256220000.0,1907320000.0,1616570000.0,1744500000.0,1407230000.0,1721240000,2070140000.0,2209700000.0,2291110000.0,2802830000.0,2965650000.0,0.0
Hungary,154679000.0,153516000.0,168635000.0,168635000.0,158168000.0,177939000.0,194221000.0,158168000.0,166309000.0,160494000.0,162820000.0,207014000.0,216318000.0,154679000.0,181428000.0,177939000.0,186080000.0,194221000.0,170961000.0,204688000.0,202362000,186080000.0,210503000.0,212829000.0,227948000.0,188406000.0,222133000.0
Iceland,3709970000.0,3884420000.0,3954200000.0,4210060000.0,4256580000.0,4210060000.0,4210060000.0,4314730000.0,4465920000.0,4512440000.0,4686890000.0,4768300000.0,5210240000.0,5617290000.0,6047600000.0,6361610000.0,6582580000.0,6978000000.0,7094300000.0,7129190000.0,7024520000,7292010000.0,8396860000.0,12444100000.0,12327800000.0,12560400000.0,12560400000.0
India,51055700000.0,53846900000.0,47450400000.0,57917400000.0,62104200000.0,71640800000.0,72803800000.0,69896300000.0,70477800000.0,82689300000.0,72571200000.0,68965900000.0,74664600000.0,83038200000.0,80828500000.0,74432000000.0,73734200000.0,64081300000.0,75362400000.0,84782700000.0,101762500000,113741400000.0,120952000000.0,110252400000.0,104204800000.0,114439200000.0,0.0
Indonesia,2988910000.0,5035790000.0,4454290000.0,5280020000.0,6687250000.0,5710330000.0,6629100000.0,8815540000.0,7885140000.0,6105750000.0,7536240000.0,8164260000.0,5105570000.0,9676160000.0,9397040000.0,10013430000.0,11630000000.0,9932020000.0,9094660000.0,9676160000.0,10722860000,9618010000.0,11281100000.0,11525330000.0,11385770000.0,17677600000.0,0.0
Iran,5547510000.0,7512980000.0,8385230000.0,7315270000.0,7524610000.0,6082490000.0,7059410000.0,9524970000.0,9827350000.0,7443200000.0,7292010000.0,7396680000.0,6931480000.0,7036150000.0,4942750000.0,3651820000.0,5059050000.0,8047960000.0,11095020000.0,10629820000.0,16049400000,18259100000.0,18026500000.0,5000900000.0,7233860000.0,9524970000.0,0.0
Iraq,610575000.0,600108000.0,2605120000.0,2605120000.0,2605120000.0,2605120000.0,900162000.0,700126000.0,600108000.0,560566000.0,569870000.0,569870000.0,581500000.0,593130000.0,604760000.0,610575000.0,617553000.0,517535000.0,432636000.0,493112000.0,6001080000,6094120000.0,5733590000.0,3489000000.0,3233140000.0,4768300000.0,0.0
Ireland,832708000.0,918770000.0,681518000.0,872250000.0,691985000.0,696637000.0,745483000.0,817589000.0,765254000.0,919933000.0,712919000.0,722223000.0,678029000.0,916444000.0,845501000.0,845501000.0,596619000.0,911792000.0,597782000.0,630346000.0,631509000,724549000.0,667562000.0,968779000.0,902488000.0,598945000.0,707104000.0
Israel,2000360.0,6001080.0,10001800.0,10001800.0,3000540.0,3000540.0,6001080.0,28958700.0,26051200.0,23027400.0,25004500.0,23957800.0,25004500.0,25004500.0,33029200.0,31052100.0,10001800.0,21050300.0,31052100.0,28028300.0,28028300,15002700.0,13956000.0,16049400.0,21980700.0,28958700.0,28028300.0
Italy,41053900000.0,41053900000.0,39542000000.0,40705000000.0,34075900000.0,31633600000.0,42216900000.0,42216900000.0,41402800000.0,44659200000.0,37797500000.0,42100600000.0,41635400000.0,41170200000.0,45357000000.0,44194000000.0,46868900000.0,39542000000.0,36634500000.0,42333200000.0,36053000000,36983400000.0,32796600000.0,41635400000.0,49194900000.0,51172000000.0,46403700000.0
Jamaica,150027000.0,150027000.0,125604000.0,100948400.0,126767000.0,88039100.0,96063800.0,86992400.0,71989700.0,88969500.0,96063800.0,101995100.0,110019800.0,113974000.0,115951100.0,115020700.0,60010800.0,93970400.0,117463000.0,133745000.0,152353000,166309000.0,160494000.0,158168000.0,139560000.0,152353000.0,0.0
Japan,82921900000.0,80828500000.0,74780900000.0,90248800000.0,91760700000.0,89318400000.0,97459400000.0,82573000000.0,95598600000.0,67221400000.0,82107800000.0,80479600000.0,89783600000.0,92574800000.0,86410900000.0,87225000000.0,84201200000.0,82340400000.0,94668200000.0,94086700000.0,76525400000,87573900000.0,73966800000.0,76409100000.0,76874300000.0,82224100000.0,83387100000.0
Jordan,0.0,3000540.0,18956900.0,26981600.0,16979800.0,11001980.0,7001260.0,15002700.0,21980700.0,13956000.0,18026500.0,21980700.0,16979800.0,13025600.0,13956000.0,38960500.0,43031000.0,53032800.0,41053900.0,53032800.0,56987000,51055700.0,61057500.0,61987900.0,58964100.0,61057500.0,0.0
Kazakhstan,0.0,0.0,0.0,0.0,0.0,7361790000.0,7198970000.0,6861700000.0,7629280000.0,9176070000.0,8327080000.0,7326900000.0,6501170000.0,6140640000.0,6129010000.0,7536240000.0,8082850000.0,8885320000.0,8629460000.0,8059590000.0,7861880000,7768840000.0,8175890000.0,7454830000.0,6884960000.0,8024700000.0,0.0
Kenya,2011990000.0,1686350000.0,1907320000.0,2326000000.0,2465560000.0,2477190000.0,2767940000.0,2791200000.0,2988910000.0,3070320000.0,3163360000.0,3349440000.0,3256400000.0,3279660000.0,2430670000.0,1325820000.0,2407410000.0,3116840000.0,3256400000.0,2872610000.0,3023800000,3279660000.0,3489000000.0,2849350000.0,2174810000.0,3430850000.0,0.0
Kyrgyz Republic,0.0,0.0,0.0,0.0,0.0,9990170000.0,10059950000.0,9199330000.0,9083030000.0,11746300000.0,11118280000.0,12211500000.0,10932200000.0,9943650000.0,12095200000.0,13723400000.0,12444100000.0,10792640000.0,13490800000.0,14072300000.0,14304900000,14886400000.0,13956000000.0,10746120000.0,9908760000.0,10327440000.0,0.0
Latvia,0.0,0.0,0.0,0.0,0.0,4500810000.0,3279660000.0,2523710000.0,2872610000.0,3302920000.0,2942390000.0,1860800000.0,2954020000.0,4314730000.0,2756310000.0,2814460000.0,2837720000.0,2465560000.0,2267850000.0,3105210000.0,3326180000,2698160000.0,2733050000.0,3105210000.0,3454110000.0,3523890000.0,0.0
Lebanon,584989000.0,560566000.0,610575000.0,600108000.0,500090000.0,500090000.0,560566000.0,719897000.0,708267000.0,817589000.0,717571000.0,797818000.0,901325000.0,785025000.0,332618000.0,448918000.0,332618000.0,678029000.0,1360710000.0,1119969000.0,1045537000,695474000.0,584989000.0,373323000.0,622205000.0,838523000.0,0.0
Lithuania,0.0,0.0,0.0,0.0,0.0,414028000.0,338433000.0,310521000.0,393094000.0,452407000.0,373323000.0,325640000.0,296565000.0,417517000.0,415191000.0,339596000.0,325640000.0,353552000.0,324477000.0,421006000.0,451244000,396583000.0,421006000.0,402398000.0,424495000.0,539632000.0,0.0
Luxembourg,86992400.0,100018000.0,110950200.0,110019800.0,85015300.0,70012600.0,83968600.0,70012600.0,66988800.0,86062000.0,88039100.0,60010800.0,83038200.0,115020700.0,85015300.0,124441000.0,118626000.0,98971300.0,78967700.0,103972200.0,93970400,110950200.0,117463000.0,132582000.0,105949300.0,108042700.0,61057500.0
Malaysia,3733230000.0,4082130000.0,4919490000.0,5675440000.0,5245130000.0,3989090000.0,4407770000.0,4361250000.0,4872970000.0,6524430000.0,6222050000.0,5186980000.0,3872790000.0,4861340000.0,7524610000.0,6966370000.0,7059410000.0,5303280000.0,5059050000.0,5826630000.0,5186980000,6443020000.0,6489540000.0,7466460000.0,6954740000.0,6477910000.0,0.0
Mexico,26283800000.0,20003600000.0,18375400000.0,20817700000.0,24306700000.0,23492600000.0,21864400000.0,26167500000.0,26283800000.0,20003600000.0,27563100000.0,31401000000.0,26400100000.0,24655600000.0,32796600000.0,33145500000.0,28493500000.0,25004500000.0,19887300000.0,25237100000.0,27679400000,30354300000.0,27330500000.0,39193100000.0,26749000000.0,37099700000.0,35820400000.0
Moldova,0.0,0.0,0.0,0.0,0.0,257023000.0,348900000.0,259349000.0,374486000.0,277957000.0,324477000.0,366345000.0,382627000.0,83968600.0,91062900.0,58033700.0,73036400.0,120952000.0,63965000.0,58964100.0,63034600,76990600.0,33029200.0,81991500.0,55009900.0,78967700.0,0.0
Montenegro,0.0,0.0,0.0,0.0,0.0,0.0,0.0,0.0,0.0,0.0,0.0,0.0,0.0,0.0,0.0,0.0,0.0,0.0,0.0,0.0,1860800000,1756130000.0,1279300000.0,1535160000.0,2070140000.0,2756310000.0,0.0
Morocco,486134000.0,643139000.0,824567000.0,936215000.0,1157185000.0,1221150000.0,1221150000.0,964127000.0,443103000.0,839686000.0,610575000.0,1953840000.0,2081770000.0,1779390000.0,824567000.0,717571000.0,871087000.0,850153000.0,1453750000.0,1604940000.0,979246000,997854000.0,915281000.0,929237000.0,2570230000.0,3465740000.0,0.0
Mozambique,374486000.0,173287000.0,180265000.0,166309000.0,283772000.0,283772000.0,323314000.0,324477000.0,344248000.0,366345000.0,379138000.0,448918000.0,976920000.0,6838440000.0,7687430000.0,9652900000.0,11862600000.0,12676700000.0,10874050000.0,11630000000.0,13258200000,14770100000.0,16049400000.0,15119000000.0,16979800000.0,16630900000.0,0.0
Myanmar,1002506000.0,1042048000.0,1024603000.0,935052000.0,1244410000.0,1197890000.0,1244410000.0,1523530000.0,1709610000.0,1616570000.0,1628200000.0,1651460000.0,1686350000.0,949008000.0,1038559000.0,1895690000.0,1825910000.0,2116660000.0,2070140000.0,2407410000.0,3000540000,3326180000.0,3616930000.0,4070500000.0,5256760000.0,5105570000.0,0.0
Namibia,0.0,0.0,0.0,0.0,0.0,0.0,1325820000.0,1149044000.0,967616000.0,672214000.0,1133925000.0,853642000.0,610575000.0,992039000.0,1174630000.0,1325820000.0,1383970000.0,1372340000.0,1558420000.0,1593310000.0,1546790000,1383970000.0,1570050000.0,1418860000.0,1430490000.0,1267670000.0,0.0
Nepal,426821000.0,539632000.0,558240000.0,561729000.0,715245000.0,876902000.0,900162000.0,838523000.0,871087000.0,929237000.0,1159511000.0,1186260000.0,1061819000.0,1131599000.0,1407230000.0,1628200000.0,1849170000.0,2116660000.0,2267850000.0,2407410000.0,2512080000,2733050000.0,2779570000.0,2802830000.0,3105210000.0,3209880000.0,0.0
Netherlands,3000540.0,3000540.0,1000180.0,2000360.0,36983400.0,85015300.0,103972200.0,119789000.0,91993300.0,100018000.0,88039100.0,80014400.0,91993300.0,111996900.0,90016200.0,141886000.0,117463000.0,110019800.0,71989700.0,95017100.0,88039100,105949300.0,106996000.0,101995100.0,98040900.0,105018900.0,56987000.0
New Zealand,19654700000.0,21748100000.0,22097000000.0,23143700000.0,22213300000.0,23143700000.0,22911100000.0,21050300000.0,23492600000.0,25818600000.0,27563100000.0,26167500000.0,23260000000.0,25353400000.0,22911100000.0,24423000000.0,21631800000.0,24888200000.0,23608900000.0,26981600000.0,23376300000,23608900000.0,23608900000.0,22329600000.0,24190400000.0,24771900000.0,25120800000.0
Nicaragua,264001000.0,293076000.0,401235000.0,387279000.0,534980000.0,403561000.0,337270000.0,257023000.0,482645000.0,382627000.0,407050000.0,431473000.0,407050000.0,296565000.0,393094000.0,210503000.0,196547000.0,303543000.0,296565000.0,320988000.0,432636000,308195000.0,305869000.0,533817000.0,296565000.0,503579000.0,0.0
Nigeria,3093580000.0,3628560000.0,3279660000.0,4012350000.0,4140280000.0,4384510000.0,5931300000.0,6059230000.0,5570770000.0,5559140000.0,5500990000.0,5500990000.0,5594030000.0,5780110000.0,6152270000.0,5628920000.0,5908040000.0,8234040000.0,7443200000.0,8106110000.0,7768840000,6268570000.0,6222050000.0,5721960000.0,4524070000.0,6373240000.0,0.0
North Korea,12327800000.0,13025600000.0,13607100000.0,15002700000.0,15002700000.0,15584200000.0,15002700000.0,14188600000.0,13258200000.0,13839700000.0,14188600000.0,12560400000.0,10699600000.0,10199510000.0,10304180000.0,10199510000.0,10594930000.0,10618190000.0,11746300000.0,12560400000.0,13141900000,12676700000.0,13258200000.0,14072300000.0,12444100000.0,13374500000.0,0.0
North Macedonia,0.0,0.0,0.0,0.0,0.0,490786000.0,847827000.0,847827000.0,522187000.0,695474000.0,801307000.0,850153000.0,900162000.0,1082753000.0,1383970000.0,1174630000.0,625694000.0,757113000.0,1372340000.0,1477010000.0,1488640000,1651460000.0,1009484000.0,839686000.0,1267670000.0,2430670000.0,0.0
Norway,102344000000.0,96180100000.0,103274400000.0,108856800000.0,118626000000.0,120952000000.0,110136100000.0,116300000000.0,119789000000.0,111648000000.0,122115000000.0,103855900000.0,109787200000.0,115718500000.0,120952000000.0,141886000000.0,120952000000.0,129093000000.0,105484100000.0,108740500000.0,136071000000,119789000000.0,133745000000.0,139560000000.0,125604000000.0,117463000000.0,120952000000.0
Pakistan,12211500000.0,13839700000.0,15235300000.0,16747200000.0,16979800000.0,16979800000.0,18259100000.0,21166600000.0,19422100000.0,22911100000.0,23260000000.0,20817700000.0,22097000000.0,22445900000.0,19305800000.0,17212400000.0,18956900000.0,22329600000.0,26981600000.0,25702300000.0,30819500000,31982500000.0,28726100000.0,27795700000.0,28144600000.0,31866200000.0,0.0
Panama,1930580000.0,2093400000.0,2035250000.0,2198070000.0,2186440000.0,2209700000.0,2035250000.0,1895690000.0,2291110000.0,2395780000.0,2419040000.0,3000540000.0,2907500000.0,2139920000.0,3128470000.0,3419220000.0,2500450000.0,3395960000.0,2826090000.0,3779750000.0,3721600000,3582040000.0,3663450000.0,3977460000.0,3896050000.0,4198430000.0,0.0
Paraguay,4023980000.0,11862600000.0,18491700000.0,19887300000.0,24306700000.0,27214200000.0,29307600000.0,27097900000.0,31401000000.0,36401900000.0,42100600000.0,44775500000.0,50823100000.0,50823100000.0,51869800000.0,53498000000.0,45357000000.0,48264500000.0,51753500000.0,51986100000.0,51172000000,53846900000.0,53730600000.0,55475100000.0,55009900000.0,54079500000.0,0.0
Peru,9385410000.0,10059950000.0,10874050000.0,10420480000.0,10501890000.0,10467000000.0,11490440000.0,9687790000.0,11862600000.0,12793000000.0,12793000000.0,13374500000.0,13258200000.0,13839700000.0,14537500000.0,16165700000.0,17561300000.0,18026500000.0,18491700000.0,17561300000.0,18142800000,19654700000.0,19538400000.0,19189500000.0,19654700000.0,20003600000.0,0.0
Philippines,5559140000.0,6012710000.0,5245130000.0,6268570000.0,6489540000.0,6059230000.0,5140460000.0,4442660000.0,5035790000.0,5861520000.0,6233680000.0,7036150000.0,6070860000.0,5070680000.0,7838620000.0,7803730000.0,7105930000.0,7036150000.0,7873510000.0,8594570000.0,8385230000,9943650000.0,8559680000.0,9838980000.0,9792460000.0,7803730000.0,0.0
Poland,1849170000.0,1546790000.0,1663090000.0,1791020000.0,1604940000.0,1418860000.0,1430490000.0,1511900000.0,1488640000.0,1732870000.0,1884060000.0,1930580000.0,1965470000.0,2314370000.0,2151550000.0,2105030000.0,2326000000.0,2279480000.0,1674720000.0,2081770000.0,2198070000,2046880000.0,2349260000.0,2151550000.0,2372520000.0,2919130000.0,2326000000.0
Portugal,10687970000.0,8513160000.0,9152810000.0,12211500000.0,5815000000.0,9152810000.0,9048140000.0,4652000000.0,8536420000.0,10653080000.0,8338710000.0,14770100000.0,13141900000.0,13025600000.0,7292010000.0,11327620000.0,14072300000.0,7803730000.0,15700500000.0,9873870000.0,4733410000,11001980000.0,10094840000.0,6803550000.0,8280560000.0,16165700000.0,11548590000.0
Romania,12676700000.0,10815900000.0,11211320000.0,14770100000.0,13723400000.0,11409030000.0,14537500000.0,11746300000.0,12793000000.0,13025600000.0,16747200000.0,15816800000.0,17561300000.0,18840600000.0,18259100000.0,14770100000.0,14886400000.0,16049400000.0,13258200000.0,16514600000.0,20236200000,18375400000.0,15933100000.0,17212400000.0,15584200000.0,19538400000.0,0.0
Russia,0.0,0.0,0.0,0.0,0.0,166309000000.0,167472000000.0,172124000000.0,173287000000.0,175613000000.0,175613000000.0,153516000000.0,157005000000.0,158168000000.0,160494000000.0,163983000000.0,174450000000.0,162820000000.0,155842000000.0,175613000000.0,173287000000,173287000000.0,176776000000.0,165146000000.0,174450000000.0,166309000000.0,0.0
Senegal,0.0,0.0,0.0,0.0,0.0,0.0,0.0,0.0,0.0,0.0,0.0,0.0,0.0,0.0,0.0,0.0,0.0,194221000.0,337270000.0,293076000.0,267490000,233763000.0,181428000.0,229111000.0,239578000.0,248882000.0,0.0
Serbia,0.0,0.0,0.0,0.0,0.0,9466820000.0,11409030000.0,11339250000.0,10501890000.0,10501890000.0,12211500000.0,14421200000.0,12793000000.0,12909300000.0,13723400000.0,11978900000.0,12444100000.0,11746300000.0,9850610000.0,11118280000.0,12095200000,10967090000.0,10036690000.0,9559860000.0,10536780000.0,11862600000.0,0.0
Slovak Republic,2116660000.0,1674720000.0,1930580000.0,1756130000.0,1965470000.0,1884060000.0,1407230000.0,1942210000.0,3465740000.0,4361250000.0,4884600000.0,4233320000.0,4058870000.0,4268210000.0,4477550000.0,4617110000.0,4931120000.0,5268390000.0,3477370000.0,4105390000.0,4640370000,4396140000.0,4454290000.0,4035610000.0,4372880000.0,5256760000.0,3686710000.0
Slovenia,0.0,0.0,0.0,0.0,0.0,2954020000.0,3605300000.0,3419220000.0,3035430000.0,3395960000.0,3256400000.0,3675080000.0,3093580000.0,3454110000.0,3744860000.0,3837900000.0,3791380000.0,3314550000.0,2954020000.0,4093760000.0,3465740000,3593670000.0,3268030000.0,4023980000.0,4710150000.0,4512440000.0,3558780000.0
South Africa,624531000.0,1628200000.0,1616570000.0,3163360000.0,2756310000.0,1009484000.0,1977100000.0,752461000.0,146538000.0,1074612000.0,529165000.0,1314190000.0,2093400000.0,1593310000.0,725712000.0,1101361000.0,1988730000.0,2384150000.0,701289000.0,950171000.0,1337450000,2895870000.0,929237000.0,1256040000.0,1453750000.0,2139920000.0,0.0
South Korea,3663450000.0,4023980000.0,5349800000.0,3570410000.0,4593850000.0,6361610000.0,3489000000.0,3093580000.0,4233320000.0,2349260000.0,2756310000.0,2419040000.0,2814460000.0,4279840000.0,4163540000.0,4012350000.0,4151910000.0,3233140000.0,4907860000.0,4326360000.0,3675080000,3465740000.0,3628560000.0,3070320000.0,2814460000.0,3686710000.0,4721780000.0
Spain,31284700000.0,26516400000.0,27446800000.0,35238900000.0,19305800000.0,25469700000.0,27330500000.0,18956900000.0,24423000000.0,28144600000.0,23143700000.0,39774600000.0,34773700000.0,33959600000.0,22911100000.0,29540200000.0,41053900000.0,22911100000.0,41053900000.0,31633600000.0,17910200000,25934900000.0,27214200000.0,23492600000.0,26283800000.0,42333200000.0,30586900000.0
Sri Lanka,2395780000.0,2640010000.0,2174810000.0,2593490000.0,2802830000.0,3140100000.0,3116840000.0,2895870000.0,3791380000.0,4093760000.0,4454290000.0,3256400000.0,3442480000.0,3919310000.0,4175170000.0,3198250000.0,3105210000.0,2698160000.0,3291290000.0,2965650000.0,3454110000,4640370000.0,3942570000.0,4128650000.0,3907680000.0,5628920000.0,0.0
Sudan,737342000.0,872250000.0,898999000.0,892021000.0,895510000.0,958312000.0,1038559000.0,1088568000.0,1090894000.0,1121132000.0,972268000.0,1074612000.0,1053678000.0,1043211000.0,1209520000.0,1186260000.0,1267670000.0,1290930000.0,1163000000.0,1107176000.0,1256040000,1372340000.0,1453750000.0,1465380000.0,3233140000.0,3837900000.0,0.0
Sweden,70943000000.0,60941200000.0,71873400000.0,69896300000.0,71757100000.0,72454900000.0,63267200000.0,74315700000.0,74664600000.0,59080400000.0,68151800000.0,51753500000.0,69082200000.0,75013500000.0,71640800000.0,78618800000.0,79084000000.0,66407300000.0,53498000000.0,60127100000.0,72803800000,61755300000.0,66174700000.0,69082200000.0,65825800000.0,66407300000.0,66291000000.0
Switzerland,32098800000.0,32912900000.0,34657400000.0,35820400000.0,29772800000.0,29772800000.0,32098800000.0,32680300000.0,35820400000.0,39076800000.0,35122600000.0,28726100000.0,34075900000.0,33494400000.0,40007200000.0,36867100000.0,41286500000.0,35238900000.0,34773700000.0,33727000000.0,31284700000,30935800000.0,35238900000.0,36053000000.0,35704100000.0,36053000000.0,32098800000.0
Syria,3337810000.0,2860980000.0,2860980000.0,2814460000.0,2767940000.0,2733050000.0,2686530000.0,2640010000.0,2593490000.0,2546970000.0,2512080000.0,2546970000.0,2605120000.0,2698160000.0,2721420000.0,3233140000.0,3407590000.0,2453930000.0,2756310000.0,4175170000.0,4326360000,3942570000.0,3477370000.0,2872610000.0,1860800000.0,2593490000.0,0.0
Tajikistan,0.0,0.0,0.0,0.0,0.0,16514600000.0,16398300000.0,15933100000.0,17096100000.0,16747200000.0,14653800000.0,14886400000.0,13723400000.0,14188600000.0,15467900000.0,14072300000.0,14188600000.0,15119000000.0,16398300000.0,16398300000.0,16979800000,16747200000.0,17096100000.0,15816800000.0,15816800000.0,15816800000.0,0.0
Tanzania,885043000.0,1033907000.0,1151370000.0,1256040000.0,1418860000.0,1546790000.0,1721240000.0,1651460000.0,1697980000.0,1500270000.0,1535160000.0,1744500000.0,1453750000.0,2081770000.0,2163180000.0,2139920000.0,2605120000.0,2721420000.0,2546970000.0,2360890000.0,1779390000,1442120000.0,2512080000.0,2651640000.0,2628380000.0,2570230000.0,0.0
Thailand,3686710000.0,5559140000.0,4070500000.0,3779750000.0,5570770000.0,4977640000.0,4582220000.0,4233320000.0,3698340000.0,4512440000.0,6710510000.0,7338530000.0,7198970000.0,5175350000.0,3535520000.0,6024340000.0,6303460000.0,7466460000.0,7303640000.0,6035970000.0,5803370000,8129370000.0,8117740000.0,7117560000.0,7152450000.0,5535880000.0,0.0
Togo,76060200.0,76060200.0,76060200.0,76060200.0,95017100.0,95017100.0,193058000.0,127930000.0,230274000.0,147701000.0,254697000.0,189569000.0,93040000.0,172124000.0,103041800.0,100018000.0,48962300.0,86062000.0,122115000.0,81061100.0,73966800,91062900.0,91993300.0,91062900.0,93970400.0,96994200.0,0.0
Tunisia,113974000.0,53963200.0,118626000.0,48962300.0,36053000.0,46054800.0,110019800.0,68035500.0,63965000.0,40007200.0,38960500.0,66988800.0,43961400.0,71989700.0,90016200.0,63965000.0,53963200.0,63965000.0,166309000.0,153516000.0,145375000,91993300.0,48962300.0,30005400.0,78967700.0,50009000.0,0.0
Turkey,12095200000.0,11862600000.0,18608000000.0,28958700000.0,17910200000.0,23143700000.0,22678500000.0,26516400000.0,33959600000.0,30586900000.0,35587800000.0,40472400000.0,39774600000.0,42216900000.0,34657400000.0,30935800000.0,23957800000.0,33727000000.0,35355200000.0,46054800000.0,39542000000,44194000000.0,35820400000.0,33261800000.0,35936700000.0,51753500000.0,52102400000.0
Turkmenistan,0.0,0.0,0.0,0.0,0.0,700126000.0,700126000.0,4000720.0,5000900.0,4000720.0,4000720.0,5000900.0,5000900.0,6001080.0,5000900.0,5000900.0,3000540.0,3000540.0,3000540.0,3000540.0,3000540,3000540.0,3000540.0,3000540.0,3000540.0,3000540.0,0.0
Ukraine,0.0,0.0,0.0,0.0,0.0,10513520000.0,11746300000.0,7885140000.0,11036870000.0,12095200000.0,9955280000.0,8629460000.0,9862240000.0,15700500000.0,14304900000.0,11269470000.0,12095200000.0,9629640000.0,9234220000.0,11746300000.0,12327800000,12909300000.0,10141360000.0,11385770000.0,11978900000.0,13141900000.0,0.0
United Kingdom,4093760000.0,4768300000.0,4140280000.0,4931120000.0,4745040000.0,5210240000.0,4628740000.0,5431210000.0,4303100000.0,5093940000.0,4838080000.0,3395960000.0,4175170000.0,5117200000.0,5338170000.0,5082310000.0,4058870000.0,4791560000.0,3233140000.0,4838080000.0,4919490000,4593850000.0,5093940000.0,5163720000.0,5268390000.0,3605300000.0,5698700000.0
United States,283772000000.0,294239000000.0,237252000000.0,208177000000.0,255860000000.0,273305000000.0,288424000000.0,254697000000.0,283772000000.0,262838000000.0,314010000000.0,351226000000.0,333781000000.0,296565000000.0,277957000000.0,253534000000.0,188406000000.0,267490000000.0,279120000000.0,270979000000.0,272142000000,291913000000.0,250045000000.0,257023000000.0,275631000000.0,262838000000.0,327966000000.0
Uruguay,6454650000.0,7292010000.0,7268750000.0,5419580000.0,3907680000.0,7012890000.0,6117380000.0,7920030000.0,7303640000.0,7466460000.0,5861520000.0,5768480000.0,6489540000.0,9152810000.0,5500990000.0,7047780000.0,9199330000.0,9536600000.0,8524790000.0,4768300000.0,6687250000,3593670000.0,8071220000.0,4500810000.0,5256760000.0,8664350000.0,0.0
Uzbekistan,0.0,0.0,0.0,0.0,0.0,6652360000.0,6035970000.0,6280200000.0,7361790000.0,7152450000.0,6187160000.0,6524430000.0,5780110000.0,5756850000.0,5687070000.0,5884780000.0,5954560000.0,6187160000.0,7617650000.0,9013250000.0,8629460000,9164440000.0,6396500000.0,11362510000.0,9327260000.0,10839160000.0,0.0
Venezuela,22678500000.0,25120800000.0,30819500000.0,34192200000.0,34657400000.0,36983400000.0,44542900000.0,47334100000.0,47450400000.0,51288300000.0,51404600000.0,53846900000.0,57219600000.0,57917400000.0,60592300000.0,62918300000.0,60476000000.0,59545600000.0,60592300000.0,70128900000.0,77223200000,81642600000.0,83038200000.0,86876100000.0,85945700000.0,76758000000.0,0.0
Vietnam,1477010000.0,1407230000.0,1383970000.0,1791020000.0,3837900000.0,5373060000.0,6315090000.0,7233860000.0,7966550000.0,9245850000.0,10583300000.0,11978900000.0,11630000000.0,11095020000.0,13723400000.0,14537500000.0,18259100000.0,18259100000.0,18956900000.0,17793900000.0,16979800000,20468800000.0,23027400000.0,25934900000.0,30005400000.0,27563100000.0,0.0
Zambia,9990170000.0,9699420000.0,8013070000.0,8257300000.0,6466280000.0,7954920000.0,8978360000.0,6512800000.0,8141000000.0,8094480000.0,7873510000.0,7117560000.0,7885140000.0,7536240000.0,7710690000.0,7745580000.0,7896770000.0,8106110000.0,8257300000.0,8455010000.0,8885320000,9838980000.0,9804090000.0,9664530000.0,10385590000.0,11269470000.0,0.0
Zimbabwe,2860980000.0,2372520000.0,1108339000.0,2756310000.0,3326180000.0,4372880000.0,3151730000.0,3163360000.0,2058510000.0,2093400000.0,2291110000.0,2163180000.0,2128290000.0,1930580000.0,2954020000.0,3256400000.0,3000540000.0,3826270000.0,5361430000.0,5524250000.0,5838260000,4279840000.0,4279840000.0,3512260000.0,3733230000.0,4058870000.0,0.0
